{
  "read_latency": {
    "average": 227.94736842105263,
    "p99": 399.20000000000005,
    "max": 410.0
  },
  "num_cycles": 100000,
  "bandwidth": 0.00019
}