{
  "write_latency": {
    "average": 126.70967741935483,
    "p99": 386.5,
    "max": 388.0
  },
  "num_cycles": 100000,
  "bandwidth": 0.00031
}