{
  "read_latency": {
    "average": 104.46037735849056,
    "p99": 172.08000000000004,
    "max": 207.0
  },
  "num_cycles": 100000,
  "bandwidth": 0.00265
}